IUPOCN5C,0,1,http://www.wikidata.org/prop/direct/P2046
IUPOCN5C,0,2,http://www.wikidata.org/prop/direct/P2044
BQC7DZZR,0,1,http://www.wikidata.org/prop/direct/P2046
BQC7DZZR,0,2,http://www.wikidata.org/prop/direct/P2044
C8RTQNU5,0,1,http://www.wikidata.org/prop/direct/P2046
C8RTQNU5,0,2,http://www.wikidata.org/prop/direct/P2044
JKS5KAJR,0,1,http://www.wikidata.org/prop/direct/P2046
JKS5KAJR,0,2,http://www.wikidata.org/prop/direct/P2044
FZAS3QBH,0,1,http://www.wikidata.org/prop/direct/P2046
FZAS3QBH,0,2,http://www.wikidata.org/prop/direct/P2044
C3SOO0DD,0,1,http://www.wikidata.org/prop/direct/P2046
C3SOO0DD,0,2,http://www.wikidata.org/prop/direct/P2044
K4A0E0QL,0,1,http://www.wikidata.org/prop/direct/P1752
K4A0E0QL,0,2,http://www.wikidata.org/prop/direct/P2048
K4A0E0QL,0,3,http://wikiba.se/ontology#statements
9BGB7SWG,0,1,
9BGB7SWG,0,2,
NBR61LS1,0,1,
NBR61LS1,0,2,
R9VI0ZU0,0,1,
9155JW8C,0,1,http://schema.org/version
TF13GBS9,0,1,http://schema.org/version
BGMLF9DR,0,1,http://www.wikidata.org/prop/direct/P2046
DOK169HR,0,1,http://www.wikidata.org/prop/direct/P2044
7H4WB3MC,0,1,http://www.wikidata.org/prop/direct/P2044
ATPHR1DK,0,1,http://www.wikidata.org/prop/direct/P2044
AW4BZJGK,0,1,
3S53OZSF,0,1,
8GEH7ZRY,0,1,http://schema.org/version
2AX6EPDA,0,1,http://schema.org/version
DLGFQQT7,0,2,
DLGFQQT7,0,1,http://www.wikidata.org/prop/direct/P2046
DLGFQQT7,0,3,http://www.wikidata.org/prop/direct/P1082
10NIEV07,0,2,
10NIEV07,0,1,http://www.wikidata.org/prop/direct/P2046
10NIEV07,0,3,http://www.wikidata.org/prop/direct/P1082
8UHQ8NMW,0,2,
8UHQ8NMW,0,1,http://www.wikidata.org/prop/direct/P2046
8UHQ8NMW,0,3,http://www.wikidata.org/prop/direct/P1082
MBGIUSUY,0,2,
MBGIUSUY,0,1,http://www.wikidata.org/prop/direct/P2046
MBGIUSUY,0,3,http://www.wikidata.org/prop/direct/P1082
6RTGWWDZ,0,2,
6RTGWWDZ,0,1,http://www.wikidata.org/prop/direct/P2927
XT6VVCAV,0,2,
XT6VVCAV,0,1,http://www.wikidata.org/prop/direct/P2927
P9XT0D3W,0,2,
P9XT0D3W,0,1,http://www.wikidata.org/prop/direct/P2927
GPENFXWP,0,2,
GPENFXWP,0,1,http://www.wikidata.org/prop/direct/P2927
2SAD93QZ,0,2,
2SAD93QZ,0,1,http://www.wikidata.org/prop/direct/P2927
HMVJ3GQE,0,2,
HMVJ3GQE,0,1,http://www.wikidata.org/prop/direct/P2927
39DKHTFY,0,1,http://www.wikidata.org/prop/direct/P2261
LMOJJ5LT,0,1,http://www.wikidata.org/prop/direct/P2044
LMOJJ5LT,0,2,http://www.wikidata.org/prop/direct/P1082
W718J2VB,0,1,
K30ENNC8,0,1,http://www.wikidata.org/prop/direct/P2044
OYY5QFUQ,0,1,http://www.wikidata.org/prop/direct/P2044
5BBSZ3DP,0,1,http://www.wikidata.org/prop/direct/P2044
QNEWRIPI,0,1,http://www.wikidata.org/prop/direct/P2046
ZMH90F01,0,1,http://www.wikidata.org/prop/direct/P1314
6W4T0PHG,0,1,http://www.wikidata.org/prop/direct/P3086
2SLP036H,0,1,http://www.wikidata.org/prop/direct/P3086
RESSHCFK,0,1,http://www.wikidata.org/prop/direct/P3086
EJGKPNHP,0,1,http://www.wikidata.org/prop/direct/P2043
RNUTTGR6,0,1,http://www.wikidata.org/prop/direct/P2043
JG29EIGN,0,1,
JG29EIGN,0,2,
V5YN6MU4,0,1,http://www.wikidata.org/prop/direct/P6257
V5YN6MU4,0,2,http://www.wikidata.org/prop/direct/P6258
ZAWYCL88,0,1,http://www.wikidata.org/prop/direct/P2216
N59ZOEEM,0,1,http://www.wikidata.org/prop/direct/P2216
74EWSF9F,0,1,http://www.wikidata.org/prop/direct/P1538
UTBAT3T8,0,1,http://www.wikidata.org/prop/direct/P2044
KTOJ2CH9,0,1,http://www.wikidata.org/prop/direct/P2044
TVK488S0,0,1,http://www.wikidata.org/prop/direct/P1082
10BWA0TL,0,1,http://www.wikidata.org/prop/direct/P1082
K0GLR5JP,0,1,http://www.wikidata.org/prop/direct/P1082
9015OF17,0,1,http://www.wikidata.org/prop/direct/P1082
SK380FJC,0,1,
8ENL8V6N,0,1,http://www.wikidata.org/prop/direct/P2196
8ENL8V6N,0,2,http://www.wikidata.org/prop/direct/P625
H5XHPI0F,0,1,
H5XHPI0F,0,2,
7L3MPSJV,0,1,
7L3MPSJV,0,2,http://www.wikidata.org/prop/direct/P4839
STDHV4DP,0,1,
STDHV4DP,0,2,
2KSWHXRR,0,1,
NLNHHO6C,0,1,
HA2UB096,0,1,
PFU2O7B0,0,1,
Y3OHOKFF,0,1,
Y3OHOKFF,0,2,
UZEGFZUW,0,1,
MDLMJD0W,0,1,
OIK1GY47,0,1,http://schema.org/description
OIK1GY47,0,2,
OIK1GY47,0,3,
OYFA7N5G,0,1,
OYFA7N5G,0,2,
OYFA7N5G,0,3,
X1KVGKMI,0,1,
X1KVGKMI,0,2,
X1KVGKMI,0,3,
MNBDFOK9,0,1,http://www.w3.org/2004/02/skos/core#altLabel
0JGLUKC7,0,1,
AMHYZTM9,0,1,http://www.wikidata.org/prop/direct/P1082
HNEFY0WJ,0,1,http://www.wikidata.org/prop/direct/P1082
B72Q14SI,0,1,
UN5G44P4,0,1,http://schema.org/description
1P13VPP7,0,1,
QN3CDMMP,0,1,
WEABZLPX,0,1,
9TZLWYCL,0,1,
YRSQJEIL,0,1,
7E95YXCI,0,1,http://www.wikidata.org/prop/direct/P2053
7E95YXCI,0,2,http://www.wikidata.org/prop/direct/P2043
5PLSHCFK,0,1,http://www.wikidata.org/prop/direct/P2053
5PLSHCFK,0,2,http://www.wikidata.org/prop/direct/P2043
KCU5BNBL,0,1,
O4EZMN2A,0,1,
UGGRXHFK,0,1,
1V4KDGGZ,0,1,http://schema.org/version
1V4KDGGZ,0,2,http://www.wikidata.org/prop/direct/P2547
1V4KDGGZ,0,3,http://www.wikidata.org/prop/direct/P1082
S9BMP4TY,0,1,http://www.wikidata.org/prop/direct/P1082
S9BMP4TY,0,2,http://www.wikidata.org/prop/direct/P2046
EB6IPBQ8,0,1,http://www.wikidata.org/prop/direct/P2044
KPFFDB6X,0,1,
KPFFDB6X,0,2,
WW0HANTJ,0,1,
WW0HANTJ,0,2,
ZDXHC5ZH,0,1,
ZDXHC5ZH,0,2,
85EJHM3S,0,1,
JLGMC2GZ,0,1,http://www.wikidata.org/prop/direct/P1215
OU76FU99,0,1,http://www.wikidata.org/prop/direct/P2216
OU76FU99,0,2,http://www.wikidata.org/prop/direct/P6258
OU76FU99,0,3,http://www.wikidata.org/prop/direct/P6257
GAY4RNCD,0,1,http://www.wikidata.org/prop/direct/P2216
GAY4RNCD,0,2,http://www.wikidata.org/prop/direct/P6258
GAY4RNCD,0,3,http://www.wikidata.org/prop/direct/P6257
81HTFO0W,0,1,http://www.wikidata.org/prop/direct/P2216
81HTFO0W,0,2,http://www.wikidata.org/prop/direct/P6258
81HTFO0W,0,3,http://www.wikidata.org/prop/direct/P6257
37O08NT0,0,1,http://www.wikidata.org/prop/direct/P2216
37O08NT0,0,2,http://www.wikidata.org/prop/direct/P6258
37O08NT0,0,3,http://www.wikidata.org/prop/direct/P6257
54ZDXWQJ,0,1,http://www.wikidata.org/prop/direct/P2216
54ZDXWQJ,0,2,http://www.wikidata.org/prop/direct/P6258
54ZDXWQJ,0,3,http://www.wikidata.org/prop/direct/P6257
SX43HNFG,0,1,http://www.wikidata.org/prop/direct/P2216
SX43HNFG,0,2,http://www.wikidata.org/prop/direct/P6258
SX43HNFG,0,3,http://www.wikidata.org/prop/direct/P6257
YRQP7ZQC,0,1,http://www.wikidata.org/prop/direct/P3157
5FQG9W2C,0,1,http://www.wikidata.org/prop/direct/P3157
ZWGLJS7X,0,1,
ZWGLJS7X,0,2,http://schema.org/description
3X518GM9,0,1,
7S6G8DCY,0,1,
SR5UQHNJ,0,1,
ISWA7D13,0,1,
WRSATFQO,0,1,
5ARFKJBD,0,1,
NYF7RD9C,0,1,http://www.wikidata.org/prop/direct/P2044
FYE84TM8,0,1,http://www.wikidata.org/prop/direct/P2044
9TIHF9B6,0,1,http://www.wikidata.org/prop/direct/P1082
Z08J73NC,0,1,http://www.wikidata.org/prop/direct/P1082
EEQ0K4CX,0,1,
7UWKK70Q,0,1,
OT39F277,0,1,
16WN39MK,0,1,
DOQV03WN,0,1,
4ZSVT7WB,0,1,
O7EV0JL2,0,1,
PHLND4CO,0,1,
D58GW2X4,0,1,http://www.wikidata.org/prop/direct/P2532
8SF4PGAN,0,1,http://www.wikidata.org/prop/direct/P2532
AXRCO4PA,0,1,http://www.wikidata.org/prop/direct/P2895
UXYOTA4P,0,1,http://www.wikidata.org/prop/direct/P2262
UXYOTA4P,0,2,http://www.wikidata.org/prop/direct/P2043
904Y3ZUQ,0,1,http://www.wikidata.org/prop/direct/P2262
904Y3ZUQ,0,2,http://www.wikidata.org/prop/direct/P2043
CAQ97NU8,0,1,http://www.wikidata.org/prop/direct/P2047
U0N59CWM,0,1,http://www.wikidata.org/prop/direct/P2047
9ETOKU95,0,1,
9ETOKU95,0,2,
G826T3H0,0,1,
EYSEG1DW,0,3,
EYSEG1DW,0,1,
EYSEG1DW,0,2,
Z6QJXJF5,0,1,
0JLTIHOL,0,1,
8I2R4Y25,0,1,
8I2R4Y25,0,2,
SPIZOSW1,0,1,
SPIZOSW1,0,2,
IN3NQZ9O,0,1,http://www.wikidata.org/prop/direct/P4500
IQD4QG2M,0,1,http://www.wikidata.org/prop/direct/P2046
28LTVSGN,0,1,http://www.wikidata.org/prop/direct/P2046
BAJ5LMX3,0,1,http://www.wikidata.org/prop/direct/P2046
4ZVYC7IO,0,1,
OL0GBCAH,0,1,
9BNGDWFI,0,1,
MRQQ6DAY,0,1,
22RW4XSQ,0,1,
DXW1TVVD,0,1,
T6T2RBKQ,0,1,http://www.wikidata.org/prop/direct/P2044
T3HZNAH7,0,1,http://www.wikidata.org/prop/direct/P1082
T3HZNAH7,0,2,http://www.wikidata.org/prop/direct/P2046
JVLBTWRN,0,1,http://www.wikidata.org/prop/direct/P1082
JVLBTWRN,0,2,http://www.wikidata.org/prop/direct/P2046
W979BFV0,0,1,http://www.wikidata.org/prop/direct/P1082
W979BFV0,0,2,http://www.wikidata.org/prop/direct/P2046
NGWGFKDP,0,1,http://www.wikidata.org/prop/direct/P1082
NGWGFKDP,0,2,http://www.wikidata.org/prop/direct/P2046
GKD3ETCU,0,1,
8TQM6CS0,0,1,http://www.wikidata.org/prop/direct/P1540
8TQM6CS0,0,2,http://www.wikidata.org/prop/direct/P1539
E6U5C7Q9,0,1,http://www.wikidata.org/prop/direct/P1540
E6U5C7Q9,0,2,http://www.wikidata.org/prop/direct/P1539
EQ3NPLBF,0,1,http://www.wikidata.org/prop/direct/P2044
4FHF16G2,0,1,http://www.wikidata.org/prop/direct/P2044
8957GCS9,0,1,http://www.wikidata.org/prop/direct/P2044
7T1GGN8Y,0,1,http://www.wikidata.org/prop/direct/P2044
9M04ISUI,0,1,http://www.wikidata.org/prop/direct/P2044
TY5S6P04,0,1,http://www.wikidata.org/prop/direct/P2044
SGHFGF16,0,1,
SGHFGF16,0,2,
RO0K6ISA,0,1,
RO0K6ISA,0,2,
R9KK199W,0,1,
R9KK199W,0,2,http://www.wikidata.org/prop/direct/P2054
R9KK199W,0,3,http://www.wikidata.org/prop/direct/P2102
GMMIPL1X,0,1,
GMMIPL1X,0,2,http://www.wikidata.org/prop/direct/P2054
GMMIPL1X,0,3,http://www.wikidata.org/prop/direct/P2102
2JE2A69L,0,1,http://www.wikidata.org/prop/direct/P2119
29PJJKO1,0,1,http://www.wikidata.org/prop/direct/P2119
PKM9UZ3V,0,1,http://www.wikidata.org/prop/direct/P1098
6G957XWT,0,1,http://www.wikidata.org/prop/direct/P1098
KJBUUEBJ,0,1,http://schema.org/dateModified
ECTUBJYE,0,1,
ECTUBJYE,0,2,http://www.wikidata.org/prop/direct/P571
28NX4BKN,0,1,
UH3DDA1B,0,1,
UH3DDA1B,0,2,http://www.wikidata.org/prop/direct/P2043
UH7YFZP7,0,1,
UH7YFZP7,0,2,http://www.wikidata.org/prop/direct/P2043
IIK4XMPE,0,2,
IIK4XMPE,0,1,
PBWV7IYP,0,1,
PBWV7IYP,0,3,
PBWV7IYP,0,2,http://www.wikidata.org/prop/direct/P2262
IB74N7B3,0,2,
IB74N7B3,0,1,http://www.wikidata.org/prop/direct/P571
SLTJQ2PO,0,1,http://www.wikidata.org/prop/direct/P1104
J9I9G055,0,1,http://www.wikidata.org/prop/direct/P1104
BDWQF2CN,0,1,
EBY2M2ZM,0,1,
KMPOKVY1,0,1,http://www.wikidata.org/prop/direct/P571
5HWE1O04,0,1,http://www.wikidata.org/prop/direct/P1120
O7Q74WJK,0,1,http://www.wikidata.org/prop/direct/P1120
7JH2LJJO,0,1,http://www.wikidata.org/prop/direct/P1120
JFS0L9UO,0,1,http://www.wikidata.org/prop/direct/P1120
YHUQWIBT,0,1,http://www.wikidata.org/prop/direct/P1339
W26YREMI,0,1,http://www.wikidata.org/prop/direct/P1339
B7CMZH09,0,1,http://www.wikidata.org/prop/direct/P2261
B7CMZH09,0,2,http://www.wikidata.org/prop/direct/P2262
1S6DNZQZ,0,1,http://www.wikidata.org/prop/direct/P2048
6WQ0WPPJ,0,1,
6WQ0WPPJ,0,3,
M82KAGLH,0,1,http://www.wikidata.org/prop/direct/P1092
VA0YBXBK,0,1,http://schema.org/version
ONX98YWT,0,1,http://www.wikidata.org/prop/direct/P1092
UMHMJS12,0,1,http://www.wikidata.org/prop/direct/P1092
BOZ91V5W,0,1,http://schema.org/version
O65AQ2CP,0,1,http://schema.org/version
491H44F5,0,1,http://schema.org/version
Y4OS3SBS,0,1,http://schema.org/version
T59BU7WI,0,1,http://www.wikidata.org/prop/direct/P2043
UA25BKIA,0,1,http://schema.org/version
DHAYGA5Z,0,1,http://www.wikidata.org/prop/direct/P1132
UB6GQXMK,0,1,http://www.wikidata.org/prop/direct/P1082
UB6GQXMK,0,2,http://www.wikidata.org/prop/direct/P2046
3PP6R2LE,0,1,http://www.wikidata.org/prop/direct/P1082
3PP6R2LE,0,2,http://www.wikidata.org/prop/direct/P2046
9A1EFUVW,0,1,http://www.wikidata.org/prop/direct/P1082
9A1EFUVW,0,2,http://www.wikidata.org/prop/direct/P2044
CPLC7VA2,0,1,http://schema.org/version
CPLC7VA2,0,2,http://www.wikidata.org/prop/direct/P2044
17ZWOR3H,0,1,http://www.wikidata.org/prop/direct/P1082
17ZWOR3H,0,2,http://www.wikidata.org/prop/direct/P2044
APCNE261,0,1,http://www.wikidata.org/prop/direct/P2044
2CRZ98JZ,0,1,
0DYQDSCY,0,1,
77ORCV06,0,1,
7IIHLSVO,0,1,http://www.wikidata.org/prop/direct/P2046
7IIHLSVO,0,2,http://www.wikidata.org/prop/direct/P1539
7IIHLSVO,0,3,http://www.wikidata.org/prop/direct/P2044
SN7TP22R,0,1,http://www.wikidata.org/prop/direct/P1082
U8FOK5KF,0,1,
V8A0M0E6,0,1,
GC9TJRGR,0,1,
OI5WL9NL,0,1,
K59PAB3W,0,1,
72GRNXHZ,0,1,
DX61IAVC,0,1,
A6CTD3GV,0,1,http://www.wikidata.org/prop/direct/P2130
EJSGTM14,0,1,http://www.wikidata.org/prop/direct/P2047
EJSGTM14,0,2,http://www.wikidata.org/prop/direct/P2142
XZ049VK7,0,1,http://www.wikidata.org/prop/direct/P2047
XZ049VK7,0,2,http://www.wikidata.org/prop/direct/P2142
R7HQ3B55,0,1,http://www.wikidata.org/prop/direct/P2047
R7HQ3B55,0,2,http://www.wikidata.org/prop/direct/P2142
S445164I,0,1,http://www.wikidata.org/prop/direct/P2046
WELOMUE9,0,1,http://www.wikidata.org/prop/direct/P2046
GM2MDEJG,0,2,
GM2MDEJG,0,1,http://www.wikidata.org/prop/direct/P2046
LKUSI4AC,0,1,http://www.wikidata.org/prop/direct/P2049
LKUSI4AC,0,2,http://www.wikidata.org/prop/direct/P2048
6XK7QOO7,0,1,http://www.wikidata.org/prop/direct/P2049
6XK7QOO7,0,2,http://www.wikidata.org/prop/direct/P2048
JOPG8K01,0,1,http://www.wikidata.org/prop/direct/P2044
NH9DTQTT,0,1,http://www.wikidata.org/prop/direct/P2044
UYH8B1UU,0,1,http://www.wikidata.org/prop/direct/P2043
UYH8B1UU,0,2,http://www.wikidata.org/prop/direct/P2262
UYH8B1UU,0,3,http://www.wikidata.org/prop/direct/P2261
0N5SQTLA,0,1,http://schema.org/description
6H4X23IR,0,1,
FWTZZJJ0,0,1,http://www.wikidata.org/prop/direct/P2214
D2KP1VW5,0,1,http://www.wikidata.org/prop/direct/P2214
DOPZR1AV,0,1,http://www.wikidata.org/prop/direct/P4296
DOPZR1AV,0,2,http://www.wikidata.org/prop/direct/P7015
MIAQQX7T,0,1,http://www.wikidata.org/prop/direct/P4296
MIAQQX7T,0,2,http://www.wikidata.org/prop/direct/P7015
IX2KNK5E,0,1,http://www.wikidata.org/prop/direct/P6879
IX2KNK5E,0,2,http://www.wikidata.org/prop/direct/P2120
IX2KNK5E,0,3,http://www.wikidata.org/prop/direct/P2216
VG8CT8R9,0,1,http://www.wikidata.org/prop/direct/P2067
VG8CT8R9,0,2,http://www.wikidata.org/prop/direct/P2583
VG8CT8R9,0,3,http://www.wikidata.org/prop/direct/P1215
C2JOFRNE,0,1,http://www.wikidata.org/prop/direct/P2067
C2JOFRNE,0,2,http://www.wikidata.org/prop/direct/P2583
C2JOFRNE,0,3,http://www.wikidata.org/prop/direct/P1215
FCF2NZA6,0,1,http://www.wikidata.org/prop/direct/P1457
1KXJTLWQ,0,1,http://www.wikidata.org/prop/direct/P1549
JU42PL33,0,1,http://schema.org/version
USNAECP7,0,1,http://www.wikidata.org/prop/direct/P2046
USNAECP7,0,2,http://schema.org/version
PHMCQD1C,0,1,http://www.wikidata.org/prop/direct/P2046
PHMCQD1C,0,2,http://www.wikidata.org/prop/direct/P2044
A4RTCNH4,0,1,
839DELW3,0,1,
FZ1TFIZH,0,1,
4OFNP890,0,1,http://www.wikidata.org/prop/direct/P2046
4OFNP890,0,2,http://www.wikidata.org/prop/direct/P1082
YSP9M89A,0,1,http://www.wikidata.org/prop/direct/P2046
YSP9M89A,0,2,http://www.wikidata.org/prop/direct/P1082
SIX64NZA,0,1,http://www.wikidata.org/prop/direct/P2046
SIX64NZA,0,2,http://www.wikidata.org/prop/direct/P1082
Y51SJVL4,0,1,http://www.wikidata.org/prop/direct/P2046
Y51SJVL4,0,2,http://www.wikidata.org/prop/direct/P1082
RA68EQL6,0,1,
RA68EQL6,0,2,
6ZC8CBT4,0,1,http://www.wikidata.org/prop/direct/P2046
6ZC8CBT4,0,2,http://www.wikidata.org/prop/direct/P1082
6ZC8CBT4,0,3,http://www.wikidata.org/prop/direct/P4080
QRL8IVBH,0,1,
VRL33PFO,0,1,
65VIPZJW,0,1,http://www.wikidata.org/prop/direct/P2048
NC182RFQ,0,1,http://www.wikidata.org/prop/direct/P2048
VXT929LJ,0,1,http://www.wikidata.org/prop/direct/P2048
IUUG1F7D,0,1,http://www.wikidata.org/prop/direct/P2048
TFHQ0BAH,0,1,http://www.wikidata.org/prop/direct/P2048
FEFM0QZO,0,1,http://www.wikidata.org/prop/direct/P2048
YBAD72I5,0,1,http://www.wikidata.org/prop/direct/P2048
9MTXTSCI,0,1,
0LBWW5L4,0,1,
BNVC2RFR,0,1,http://www.wikidata.org/prop/direct/P2047
CGJ2J2Z7,0,1,http://schema.org/version
UEWS4EQU,0,1,http://www.wikidata.org/prop/direct/P2043
QZ2RQRCD,0,1,http://www.wikidata.org/prop/direct/P2067
QZ2RQRCD,0,2,http://www.wikidata.org/prop/direct/P2160
0CZW7M0F,0,1,http://www.wikidata.org/prop/direct/P2154
VUYC1R66,0,1,
VUYC1R66,0,2,
OOZGFTPC,0,1,
OOZGFTPC,0,2,
LLNNJKBL,0,1,http://www.wikidata.org/prop/direct/P1082
LLNNJKBL,0,2,http://www.wikidata.org/prop/direct/P2044
5YIWU8K8,0,1,http://www.wikidata.org/prop/direct/P1082
5YIWU8K8,0,2,http://www.wikidata.org/prop/direct/P2044
H2CO4YDK,0,1,http://www.wikidata.org/prop/direct/P1082
H2CO4YDK,0,2,http://www.wikidata.org/prop/direct/P2044
KK0ID5TS,0,1,http://www.wikidata.org/prop/direct/P2046
CZAKIUMO,0,1,http://www.wikidata.org/prop/direct/P2046
DGHR5ZHM,0,1,
DGHR5ZHM,0,2,http://www.wikidata.org/prop/direct/P1301
4N1WS49F,0,1,
4N1WS49F,0,2,http://www.wikidata.org/prop/direct/P1301
XP0KPX7L,0,1,
XP0KPX7L,0,2,http://www.wikidata.org/prop/direct/P1301
UCLA48FC,0,1,
UCLA48FC,0,2,
VRBSYZH8,0,1,
VRBSYZH8,0,2,
8RA0YH6B,0,1,
8RA0YH6B,0,2,
8RA0YH6B,0,3,http://schema.org/description
I9KX15DX,0,1,http://www.wikidata.org/prop/direct/P2262
I9KX15DX,0,2,http://www.wikidata.org/prop/direct/P2049
2HLB6GPC,0,1,
2HLB6GPC,0,2,http://www.wikidata.org/prop/direct/P571
2HLB6GPC,0,3,http://www.wikidata.org/prop/direct/P2046
S9M0XB1T,0,1,http://www.wikidata.org/prop/direct/P2386
0OE5OCRQ,0,1,http://www.wikidata.org/prop/direct/P2386
0N0NEYH9,0,1,http://www.wikidata.org/prop/direct/P2386
C6M6STTW,0,1,http://www.wikidata.org/prop/direct/P2386
8HCW66SV,0,1,http://www.wikidata.org/prop/direct/P2386
DBWV925M,0,1,http://www.wikidata.org/prop/direct/P4511
H5A66SZ7,0,1,http://www.wikidata.org/prop/direct/P4511
G96COWDQ,0,1,http://www.wikidata.org/prop/direct/P4511
E9S2AXFZ,0,1,http://www.wikidata.org/prop/direct/P4511
5XPF2O4G,0,1,http://www.wikidata.org/prop/direct/P4511
GX3ZN4A3,0,1,http://www.wikidata.org/prop/direct/P4511
K46DPYIB,0,2,http://wikiba.se/ontology#statements
MFTU1853,0,1,http://www.wikidata.org/prop/direct/P2048
MFTU1853,0,2,http://www.wikidata.org/prop/direct/P1101
HL53SG54,0,1,http://www.wikidata.org/prop/direct/P1082
HL53SG54,0,2,http://www.wikidata.org/prop/direct/P2044
HL53SG54,0,3,http://www.wikidata.org/prop/direct/P2046
61WOFTX6,0,1,http://www.wikidata.org/prop/direct/P1082
61WOFTX6,0,2,http://www.wikidata.org/prop/direct/P2044
61WOFTX6,0,3,http://www.wikidata.org/prop/direct/P2046
XI7RJ4PA,0,1,http://www.wikidata.org/prop/direct/P1082
XI7RJ4PA,0,3,http://www.wikidata.org/prop/direct/P2046
UFH1N5TH,0,1,http://www.wikidata.org/prop/direct/P1082
UFH1N5TH,0,2,http://www.wikidata.org/prop/direct/P2044
UFH1N5TH,0,3,http://www.wikidata.org/prop/direct/P2046
VTIZO9FK,0,1,http://www.wikidata.org/prop/direct/P1082
VTIZO9FK,0,2,http://www.wikidata.org/prop/direct/P2044
VTIZO9FK,0,3,http://www.wikidata.org/prop/direct/P2046
X0DMFIRM,0,1,http://www.wikidata.org/prop/direct/P1082
X0DMFIRM,0,2,http://schema.org/version
X0DMFIRM,0,3,http://www.wikidata.org/prop/direct/P2046
A68WEUOE,0,1,http://www.w3.org/2000/01/rdf-schema#label
A68WEUOE,0,2,
CPOKBQDE,0,1,
OAD64AX3,0,1,http://www.wikidata.org/prop/direct/P1098
JTL08N24,0,1,http://www.wikidata.org/prop/direct/P2044
TGJI2CBF,0,1,http://www.wikidata.org/prop/direct/P2044
4TKPDEVH,0,1,
Y79LGQYI,0,1,
GMPG5U6Q,0,1,
P6XHF44S,0,1,
QHZOX1IK,0,1,
XIVETN6W,0,1,
TQABF9IF,0,1,
9UQIKBT3,0,1,http://www.wikidata.org/prop/direct/P4441
DI8HJ3RS,0,1,http://www.wikidata.org/prop/direct/P4441
WRHURQSI,0,1,http://www.wikidata.org/prop/direct/P2044
FXMVMSWD,0,1,http://schema.org/description
1MU06NLK,0,1,http://schema.org/version
5AIDV3GV,0,1,http://www.wikidata.org/prop/direct/P1538
B05RYX3W,0,1,http://www.wikidata.org/prop/direct/P2044
4OH908JW,0,1,http://www.wikidata.org/prop/direct/P2262
4OH908JW,0,2,http://www.wikidata.org/prop/direct/P2261
NWSX5J2O,0,1,
JQ42YIYZ,0,1,http://www.wikidata.org/prop/direct/P2144
54INPBKD,0,1,http://www.wikidata.org/prop/direct/P2436
4HBM3VWD,0,1,http://www.wikidata.org/prop/direct/P2044
1XE9BS7D,0,1,http://www.wikidata.org/prop/direct/P2044
QK5VP7SB,0,1,http://www.wikidata.org/prop/direct/P2044
QK5VP7SB,0,2,http://www.wikidata.org/prop/direct/P2046
QBO6LMOZ,0,1,http://www.wikidata.org/prop/direct/P2044
QBO6LMOZ,0,2,http://www.wikidata.org/prop/direct/P2046
T4RD9XIB,0,1,
H0JV5J2R,0,1,
MDT49NA1,0,1,
OCIC690H,0,1,http://www.wikidata.org/prop/direct/P1831
03ENJ6XM,0,1,http://www.wikidata.org/prop/direct/P2044
03ENJ6XM,0,2,http://www.wikidata.org/prop/direct/P2660
SM1MMG5N,0,1,http://www.wikidata.org/prop/direct/P2044
SM1MMG5N,0,2,http://www.wikidata.org/prop/direct/P2660
YZ9MV0AZ,0,1,http://www.wikidata.org/prop/direct/P2044
YZ9MV0AZ,0,2,http://www.wikidata.org/prop/direct/P2660
I4C27SYO,0,1,http://www.wikidata.org/prop/direct/P2659
1NLZ9DZM,0,1,http://www.wikidata.org/prop/direct/P2659
0ER7T81U,0,1,http://www.wikidata.org/prop/direct/P2659
NGT7C6EO,0,1,http://www.wikidata.org/prop/direct/P2659
43C8NJEG,0,1,http://www.wikidata.org/prop/direct/P2659
SHDTWW9R,0,1,http://www.wikidata.org/prop/direct/P6879
SHDTWW9R,0,2,http://www.wikidata.org/prop/direct/P2227
SMAOJURT,0,1,http://www.wikidata.org/prop/direct/P6258
7L2GF73Z,0,1,http://www.wikidata.org/prop/direct/P1090
7L2GF73Z,0,2,http://www.wikidata.org/prop/direct/P2583
7L2GF73Z,0,3,http://www.wikidata.org/prop/direct/P6257
3Q8MYFHL,0,1,http://www.wikidata.org/prop/direct/P1090
3Q8MYFHL,0,2,http://www.wikidata.org/prop/direct/P2583
3Q8MYFHL,0,3,http://www.wikidata.org/prop/direct/P6257
962JH6WA,0,1,http://www.wikidata.org/prop/direct/P2046
962JH6WA,0,2,http://www.wikidata.org/prop/direct/P1082
962JH6WA,0,3,http://www.wikidata.org/prop/direct/P2044
1W08NBUM,0,1,http://www.wikidata.org/prop/direct/P2046
1W08NBUM,0,2,
1W08NBUM,0,3,http://www.wikidata.org/prop/direct/P2044
6DF72Y56,0,1,http://schema.org/description
6DF72Y56,0,2,
TF3EDJKM,0,1,http://www.w3.org/2000/01/rdf-schema#label
TF3EDJKM,0,2,
YGSKQSKV,0,1,http://schema.org/description
YGSKQSKV,0,2,
P0V3VJRK,0,1,http://schema.org/description
P0V3VJRK,0,2,
E09Q6C5J,0,1,http://www.w3.org/2000/01/rdf-schema#label
E09Q6C5J,0,2,
08IZY6G9,0,1,http://schema.org/description
08IZY6G9,0,2,
80GKDTZA,0,1,
QHNJPWT8,0,1,
GXY8WPY5,0,1,http://www.w3.org/2004/02/skos/core#altLabel
TILH3J18,0,1,
N86193YU,0,1,
N86193YU,0,2,
N86193YU,0,3,
QATMMRDW,0,1,
QATMMRDW,0,2,
QATMMRDW,0,3,
446GOT7F,0,1,http://www.wikidata.org/prop/direct/P2048
RRR83TMS,0,1,http://www.wikidata.org/prop/direct/P373
VQHPBH3L,0,1,
NA5XOTEC,0,1,
6948Q4IG,0,1,
TZ0KVLGN,0,1,http://schema.org/description
5WYXNJYF,0,1,
3EXEASJX,0,1,http://www.wikidata.org/prop/direct/P571
BSP2N0ZS,0,1,http://www.wikidata.org/prop/direct/P571
81CYA12T,0,1,
2XTQDLHR,0,1,http://www.wikidata.org/prop/direct/P571
7RGNNRM8,0,1,http://schema.org/description
E9Y8BTIG,0,1,http://www.wikidata.org/prop/direct/P1082
0WPFA2SX,0,1,
0WPFA2SX,0,2,
0WPFA2SX,0,3,
3YQSKSKG,0,1,http://www.wikidata.org/prop/direct/P2067
3YQSKSKG,0,2,http://www.wikidata.org/prop/direct/P2160
3YQSKSKG,0,3,http://www.wikidata.org/prop/direct/P2114
Q54FVP7H,0,1,http://www.wikidata.org/prop/direct/P2067
Q54FVP7H,0,2,http://www.wikidata.org/prop/direct/P2160
Q54FVP7H,0,3,http://www.wikidata.org/prop/direct/P2114
NWZUPFMR,0,1,http://www.wikidata.org/prop/direct/P1086
NWZUPFMR,0,2,http://www.wikidata.org/prop/direct/P2154
UJOB91TJ,0,1,http://www.wikidata.org/prop/direct/P1086
UJOB91TJ,0,2,http://www.wikidata.org/prop/direct/P2154
R7DP17P2,0,1,http://wikiba.se/ontology#statements
QYLNMSPA,0,1,http://www.wikidata.org/prop/direct/P1132
3NS7HOL5,0,1,http://www.wikidata.org/prop/direct/P2927
2D218JBS,0,1,http://www.wikidata.org/prop/direct/P2196
ETVQ8X6O,0,1,
ETVQ8X6O,0,2,
ETVQ8X6O,0,3,
ANW9BUYI,0,1,
TOMJECG9,0,1,
MMY4PX1A,0,1,
F6XAG28O,0,1,
EJG2P3L4,0,1,
R26584X5,0,1,
YK8GVYP2,0,1,http://schema.org/description
YK8GVYP2,0,2,
ZZB2QYQP,0,1,http://www.wikidata.org/prop/direct/P1082
NPEM3U7S,0,1,http://www.wikidata.org/prop/direct/P2046
WLP580UC,0,1,http://www.wikidata.org/prop/direct/P2927
KOWHOL21,0,1,
N779E772,0,1,
N779E772,0,2,http://www.wikidata.org/prop/direct/P2043
S5XLNQ57,0,1,
S5XLNQ57,0,2,http://schema.org/description
RMARQZFB,0,2,
RMARQZFB,0,1,
2F8S19XX,0,1,http://www.wikidata.org/prop/direct/P1083
H2UUQL69,0,1,http://www.wikidata.org/prop/direct/P1083
1FC2QYZ7,0,1,http://www.wikidata.org/prop/direct/P2043
1FC2QYZ7,0,2,http://www.wikidata.org/prop/direct/P2049
9321F058,0,1,http://www.wikidata.org/prop/direct/P1122
9321F058,0,2,http://www.wikidata.org/prop/direct/P2154
KVDZK26Z,0,1,http://www.wikidata.org/prop/direct/P1148
KVDZK26Z,0,2,http://www.wikidata.org/prop/direct/P2160
RQT6VSWL,0,1,http://www.wikidata.org/prop/direct/P2114
9A0QQWD0,0,1,
0WE6LMVO,0,1,http://www.wikidata.org/prop/direct/P1436
GJDSU7RN,0,1,
1Z7TZO5Y,0,1,
B07H2S00,0,1,
B07H2S00,0,2,
E09TTM0S,0,1,
E09TTM0S,0,2,
JVJI5DXN,0,1,http://www.wikidata.org/prop/direct/P2214
PU1AIRA5,0,1,http://www.wikidata.org/prop/direct/P1342
H45KARXP,0,1,http://www.wikidata.org/prop/direct/P2895
H45KARXP,0,2,http://www.wikidata.org/prop/direct/P2532
9ZKAJHTS,0,1,http://www.wikidata.org/prop/direct/P2049
9ZKAJHTS,0,2,http://www.wikidata.org/prop/direct/P2044
9ZKAJHTS,0,3,http://www.wikidata.org/prop/direct/P2043
L97DPSVD,0,1,
L97DPSVD,0,2,http://schema.org/description
UAOROB5E,0,1,
UAOROB5E,0,2,
WRGNL330,0,1,
WRGNL330,0,2,
QND1W2HI,0,1,
Y8J2NFNG,0,1,
E4I1HUIV,0,1,
DYEE1FJP,0,1,
YGAZSUVP,0,1,
I9GL2O9A,0,1,
A5NBGTVP,0,1,
A5NBGTVP,0,2,
I06QXLMR,0,1,
I06QXLMR,0,2,
48MXHK0Q,0,1,
48MXHK0Q,0,2,
2VVLNDA8,0,1,
YX5E0PSR,0,1,
8ZIB8A5D,0,1,
J72PLOMB,0,1,
R9OFLACE,0,1,
OEJ65FJR,0,1,http://schema.org/description
OEJ65FJR,0,2,
F9PDY3NT,0,1,http://schema.org/description
F9PDY3NT,0,2,
FDDRMIJW,0,1,
QTWJDF9A,0,1,
CUB1T1SE,0,1,
CUB1T1SE,0,2,
6U27YPYQ,0,1,
6U27YPYQ,0,2,
JD0PEAP8,0,1,
JD0PEAP8,0,2,
I6SHSS2W,0,1,
I6SHSS2W,0,2,
A3T8J4JN,0,1,http://www.w3.org/2000/01/rdf-schema#label
CHIL5EXL,0,1,http://schema.org/description
3LRK5GZX,0,1,
W0IZ8E7K,0,1,http://www.w3.org/2000/01/rdf-schema#label
J73EJIMZ,0,1,http://schema.org/description
TI5IPBRL,0,1,
CEO4JAFH,0,1,
1RLHV3VU,0,1,
J2JPNYWQ,0,1,
J2JPNYWQ,0,2,
7OYIKQX1,0,1,http://schema.org/description
7OYIKQX1,0,2,
QH5IUOVU,0,1,http://schema.org/description
QUUOFFR0,0,1,
QUUOFFR0,0,2,
QUUOFFR0,0,3,
SWQAOYXE,0,1,
44WXF9VM,0,1,
WZA5RZ2B,0,1,
TIWCUA8K,0,1,
TIWCUA8K,0,2,
92I4Z1QN,0,1,
92I4Z1QN,0,2,
SMD4H2MW,0,1,http://schema.org/description
SMD4H2MW,0,2,
SMD4H2MW,0,3,http://www.wikidata.org/prop/direct/P570
YPRQXY29,0,1,
YPRQXY29,0,2,
YPRQXY29,0,3,http://www.wikidata.org/prop/direct/P570
1ZBSGT5O,0,1,
1ZBSGT5O,0,2,
EPSFXFTE,0,1,
EPSFXFTE,0,2,
L1Q78UMR,0,1,
PIJGEG7D,0,1,
5MRPQDGZ,0,1,
DFSKIYXV,0,1,
RYBXAGU6,0,1,
ECHAM69R,0,2,
ECHAM69R,0,1,http://www.wikidata.org/prop/direct/P6509
EL0800WW,0,1,
3F3A8IY2,0,1,
7IVPG1D4,0,1,
8CMLNIWC,0,1,
LUSMCQP7,0,1,
ND8YJG7R,0,1,
QCQX1JPG,0,1,
QCQX1JPG,0,2,
AUJV2CV3,0,1,http://schema.org/description
15MW7OIW,0,1,http://schema.org/description
S0QLRT8Z,0,1,http://schema.org/description
1Q9AQVZ4,0,1,
1Q9AQVZ4,0,2,
DX5AS6T4,0,1,
6KJ5X8V6,0,1,
KLD75FBA,0,1,
RDIFGKUW,0,1,
FJJHB85J,0,2,
FJJHB85J,0,1,http://www.wikidata.org/prop/direct/P2659
JOKTLOQL,0,2,
JOKTLOQL,0,1,http://www.wikidata.org/prop/direct/P2659
NYGNP7RK,0,2,
NYGNP7RK,0,1,http://www.wikidata.org/prop/direct/P2659
H891V9L6,0,1,
MCYL241A,0,1,
AMTEIF56,0,1,
